{
    "bottom_left": [
        0.45587738870296174,
        0.8900425868852393
    ],
    "bottom_right": [
        -0.3252092125871874,
        0.9456420929973568
    ],
    "top_left": [
        -0.43164724377238617,
        0.9020424917617252
    ],
    "top_right": [
        0.4059873766996334,
        0.9138786844874707
    ]
}